<?xml version="1.0" encoding="UTF-8"?>
<project-private xmlns="http://www.netbeans.org/ns/project-private/1">
    <editor-bookmarks xmlns="http://www.netbeans.org/ns/editor-bookmarks/2" lastBookmarkId="0"/>
    <open-files xmlns="http://www.netbeans.org/ns/projectui-open-files/2">
        <group>
            <file>file:/D:/Documents/NetBeansProjects/pkg15_05_2019/src/pkg15_05_2019/Produccion.java</file>
            <file>file:/D:/Documents/NetBeansProjects/pkg15_05_2019/src/pkg15_05_2019/Primos.java</file>
            <file>file:/D:/Documents/NetBeansProjects/pkg15_05_2019/src/pkg15_05_2019/Pkg15_05_2019.java</file>
            <file>file:/D:/Documents/NetBeansProjects/pkg15_05_2019/src/pkg15_05_2019/Impresoras.java</file>
        </group>
    </open-files>
</project-private>
